                  epoch,         train/box_loss,         train/cls_loss,         train/dfl_loss,   metrics/precision(B),      metrics/recall(B),       metrics/mAP50(B),    metrics/mAP50-95(B),           val/box_loss,           val/cls_loss,           val/dfl_loss,                 lr/pg0,                 lr/pg1,                 lr/pg2
                      1,                 1.5629,                 4.1818,                 1.8547,                0.49659,                0.21895,                0.19384,                0.09824,                 1.4755,                 3.1318,                 1.7702,             8.3235e-05,             8.3235e-05,             8.3235e-05
                      2,                 1.5529,                 3.1149,                 1.8669,                0.64353,                0.36755,                0.41621,                0.24028,                 1.3966,                  2.213,                 1.7352,             0.00013359,             0.00013359,             0.00013359
                      3,                 1.5232,                  2.621,                 1.8381,                0.65971,                0.47906,                0.53683,                0.30115,                 1.4174,                 1.7973,                 1.7397,             0.00015094,             0.00015094,             0.00015094
                      4,                 1.4625,                 2.3655,                 1.7859,                0.59215,                0.59537,                0.58496,                0.36802,                 1.2914,                 1.5806,                 1.6219,              0.0001015,              0.0001015,              0.0001015
                      5,                 1.4481,                 2.2256,                 1.7607,                0.54993,                0.63399,                0.65885,                0.42146,                 1.2849,                 1.5016,                 1.6171,              0.0001015,              0.0001015,              0.0001015
